6,2022-01-04,92,Rosemonde,Beynkn,rbeynkn0@prnewswire.com,Female,false,123
34,2022-11-12,90,Wayland,Caslane,wcaslane2@goo.gl,Male,false,123
9,2022-03-04,72,Rosella,Chilton,rchilton3@redcross.org,Female,false,123
36,2022-03-10,55,Madelene,Wrack,mwrack4@example.com,Female,false,123
27,2022-09-08,55,Elie,Haselden,ehaselden5@123-reg.co.uk,Female,false,123
10,2022-02-03,55,Ally,Erdis,aerdis6@paypal.com,Female,false,123
34,2021-10-22,81,Petronella,Wiltshear,pwiltshear8@nasa.gov,Female,false,123
